{
  "changedPixels": 569681,
  "totalPixels": 683880,
  "changedRatio": 0.833013101713751,
  "avgDelta": 572.2177458033573
}